Season,ThreesMadeTotal
2021-22,30598
2020-21,27427
2019-20,25862
2018-19,27955
2017-18,25807
2016-17,23748
2015-16,20953
2014-15,19300
2013-14,19054
2012-13,17603
2011-12,12693
2010-11,15886
2009-10,15822
2008-09,16352
2007-08,16124
2006-07,14926
2005-06,14086
2004-05,13777
2003-04,12321
2002-03,12200
2001-02,12402
2000-01,11524